{"cameraMode":{"drawMode":0,"name":"Shaded","section":"Shading Mode"},"sceneLighting":true,"audioPlay":false,"sceneViewState":{"m_AlwaysRefresh":false,"showFog":true,"showSkybox":true,"showFlares":true,"showImageEffects":true,"showParticleSystems":true,"showVisualEffectGraphs":true,"m_FxEnabled":true},"in2DMode":false,"pivot":{"x":21.096466064453126,"y":17.928367614746095,"z":3.9073486328125},"rotation":{"x":0.010894019156694413,"y":-0.5383243560791016,"z":0.006905034184455872,"w":0.8428296446800232},"size":13.759492874145508,"orthographic":false}